{
    "lighting": "none",
    "matrix": {
        "rows": 5,
        "cols": 12
    },
    "layouts": {
        "keymap": [
            [
              "0,0",
              "0,1",
              "0,2",
              "0,3",
              "0,4",
              "0,5",
              {
                "x": 3
              },
              "0,6",
              "0,7",
              "0,8",
              "0,9",
              "0,10",
              "0,11"
            ],
            [
              "1,0",
              "1,1",
              "1,2",
              "1,3",
              "1,4",
              "1,5",
              {
                "x": 3
              },
              "1,6",
              "1,7",
              "1,8",
              "1,9",
              "1,10",
              "1,11"
            ],
            [
              "2,0",
              "2,1",
              "2,2",
              "2,3",
              "2,4",
              "2,5",
              {
                "x": 3
              },
              "2,6",
              "2,7",
              "2,8",
              "2,9",
              "2,10",
              "2,11"
            ],
            [
              "3,0",
              "3,1",
              "3,2",
              "3,3",
              "3,4",
              "3,5",
              {
                "x": 3
              },
              "3,6",
              "3,7",
              "3,8",
              "3,9",
              "3,10",
              "3,11"
            ],
            [
              "4,0",
              "4,1",
              "4,2",
              {
                "x": 9
              },
              "4,9",
              "4,10",
              "4,11"
            ],
            [
              {
                "r": 15,
                "rx": 4.5,
                "ry": 4.75,
                "y": -0.6500000000000004,
                "x": -0.5,
                "t": "#000000\n\n\n\n\n\n\n\n\n\n#ff0000"
              },
              "4,3"
            ],
            [
              {
                "rx": 5.5,
                "y": -0.40000000000000036,
                "x": -0.4500000000000002,
                "t": "#000000",
                "h": 1.5
              },
              "4,4"
            ],
            [
              {
                "rx": 6.5,
                "y": -0.15000000000000036,
                "x": -0.40000000000000036,
                "h": 2
              },
              "4,5"
            ],
            [
              {
                "r": -15,
                "rx": 8.5,
                "y": -0.15000000000000036,
                "x": -0.5999999999999996,
                "h": 2
              },
              "4,6"
            ],
            [
              {
                "rx": 9.5,
                "y": -0.40000000000000036,
                "x": -0.5500000000000007,
                "h": 1.5
              },
              "4,7"
            ],
            [
              {
                "rx": 10.5,
                "y": -0.6500000000000004,
                "x": -0.5,
                "t": "#000000\n\n\n\n\n\n\n\n\n\n#0500ff"
              },
              "4,8"
            ]
        ]
    }
}